sku,_store,_attribute_set,_type,_category,_root_category,_product_websites,color,description,fk,material,name,op,price,ptm,sd,size,status,tax_class_id,visibility,qty,min_qty,use_config_min_qty,is_qty_decimal,backorders,use_config_backorders,min_sale_qty,use_config_min_sale_qty,max_sale_qty,use_config_max_sale_qty,is_in_stock,notify_stock_qty,use_config_notify_stock_qty,manage_stock,use_config_manage_stock,stock_status_changed_auto,use_config_qty_increments,qty_increments,use_config_enable_qty_inc,enable_qty_increments,is_decimal_divided,_links_related_sku,_links_related_position,_links_crosssell_sku,_links_crosssell_position,_links_upsell_sku,_links_upsell_position,_associated_sku,_associated_default_qty,_associated_position,_tier_price_website,_tier_price_customer_group,_tier_price_qty,_tier_price_price,_group_price_website,_group_price_customer_group,_group_price_price,_media_attribute_id,_media_image,_media_lable,_media_position,_media_is_disabled
JC15BKPBGRRD4002,,Bags,simple,Bags,Default Category,base,,"Casual And Cool Grey And Red Combo Spacious Backpack With Multiple Pockets, Padded Back, Two Designer Pockets On Sides And Hidden Base Pocket. Suitable For College Or Other Casual Occasions",Yes,Canvas, Grey Red Canvas Stylo Backpack,No,499,No,No,,1,0,4,10,0,1,0,0,1,1,1,0,1,1,,1,0,1,0,1,0,1,0,0,,,,,,,,,,,,,,,,,88,/j/c/jc15bkpbgrrd4002_main.jpg,,1,0
,,,,,,,,,,,,,,,,,,,,,,,,,,,,,,,,,,,,,,,,,,,,,,,,,,,,,,,,,88,/j/c/jc15bkpbgrrd4002_other_1.jpg,,2,0
,,,,,,,,,,,,,,,,,,,,,,,,,,,,,,,,,,,,,,,,,,,,,,,,,,,,,,,,,88,/j/c/jc15bkpbgrrd4002_other_2.jpg,,3,0
,,,,,,,,,,,,,,,,,,,,,,,,,,,,,,,,,,,,,,,,,,,,,,,,,,,,,,,,,88,/j/c/jc15bkpbgrrd4002_other_3.jpg,,4,0
JC14sbgb3,,Bags,simple,Bags,Default Category,base,,Earthy colored gym bag made from rough and tough jute material and strong canvas interiors is suitable for carrying your gym apparels and accessories or as a fashionable travel bag.,Yes,Jutecotton,Beige Brown Duffel Bag,No,499,No,No,,1,0,4,10,0,1,0,0,1,1,1,0,1,1,,1,0,1,0,1,0,1,0,0,,,,,,,,,,,,,,,,,88,/j/c/jc14sbgb3_other_3.jpg,,4,0
,,,,,,,,,,,,,,,,,,,,,,,,,,,,,,,,,,,,,,,,,,,,,,,,,,,,,,,,,88,/j/c/jc14sbgb3_other_2.jpg,,2,0
,,,,,,,,,,,,,,,,,,,,,,,,,,,,,,,,,,,,,,,,,,,,,,,,,,,,,,,,,88,/j/c/jc14sbgb3.jpg,,1,0
,,,,,,,,,,,,,,,,,,,,,,,,,,,,,,,,,,,,,,,,,,,,,,,,,,,,,,,,,88,/j/c/jc14sbgb3_other_1.jpg,,3,0
JC14TBSBPRRDJ1012,,Bags,simple,Bags,Default Category,base,,"Tote bag made by jute central is a spacious, strong yet fashionable hand bag with 2 top open pouch pockets in the front and 3 pockets in the interior.  The bag has single spacious  gussetted compartment and has bright red canvas interiors",Yes,Jutecotton, Purpil Cross Body Tote,No,499,No,No,,1,0,4,10,0,1,0,0,1,1,1,0,1,1,1,1,0,1,0,1,0,1,0,0,,,,,,,,,,,,,,,,,88,/j/c/jc14tbsbprrdj1012-m-4-2x.jpg,,3,0
,,,,,,,,,,,,,,,,,,,,,,,,,,,,,,,,,,,,,,,,,,,,,,,,,,,,,,,,,88,/j/c/jc14tbsbprrdj1012-m-2-2x.jpg,,2,0
,,,,,,,,,,,,,,,,,,,,,,,,,,,,,,,,,,,,,,,,,,,,,,,,,,,,,,,,,88,/j/c/jc14tbsbprrdj1012-m-1-2x.jpg,,1,0
,,,,,,,,,,,,,,,,,,,,,,,,,,,,,,,,,,,,,,,,,,,,,,,,,,,,,,,,,88,/j/c/jc14tbsbprrdj1012-m-3-2x.jpg,,4,0
JC15HBSOGPRF2011,,Bags,simple,Bags,Default Category,base,,"Small and portable designer hand bag with hand made bow designer and metallic logo palla, canvas lined interiors, dual pockets to suit casual and formal occasions",Yes,Jutecotton, Green small hand hald,No,499,No,No,,1,0,4,10,0,1,0,0,1,1,1,0,1,1,1,1,0,1,0,1,0,1,0,0,,,,,,,,,,,,,,,,,88,/j/c/jc15hbsogprf2011_other_2.jpg,,1,0
,,,,,,,,,,,,,,,,,,,,,,,,,,,,,,,,,,,,,,,,,,,,,,,,,,,,,,,,,88,/j/c/jc15hbsogprf2011_other_1.jpg,,4,0
,,,,,,,,,,,,,,,,,,,,,,,,,,,,,,,,,,,,,,,,,,,,,,,,,,,,,,,,,88,/j/c/jc15hbsogprf2011_other_3.jpg,,3,0
,,,,,,,,,,,,,,,,,,,,,,,,,,,,,,,,,,,,,,,,,,,,,,,,,,,,,,,,,88,/j/c/jc15hbsogprf2011_main.jpg,,1,0
JC15HBSTGRBL14,,Bags,simple,Bags,Default Category,base,,The fashionable trapezoid cut designer bag has Single Gussetted Compartment with a zipped closure Suitable to carry to work or other formal occasions.,Yes,Jutecotton,GreenBlack Handhel bag,No,499,No,No,,1,0,4,10,0,1,0,0,1,1,1,0,1,1,1,1,0,1,0,1,0,1,0,0,,,,,,,,,,,,,,,,,88,/j/c/jc15hbstgrbl14_main.jpg,,1,0
,,,,,,,,,,,,,,,,,,,,,,,,,,,,,,,,,,,,,,,,,,,,,,,,,,,,,,,,,88,/j/c/jc15hbstgrbl14_other_1.jpg,,2,0
,,,,,,,,,,,,,,,,,,,,,,,,,,,,,,,,,,,,,,,,,,,,,,,,,,,,,,,,,88,/j/c/jc15hbstgrbl14_other_3.jpg,,3,0
,,,,,,,,,,,,,,,,,,,,,,,,,,,,,,,,,,,,,,,,,,,,,,,,,,,,,,,,,88,/j/c/jc15hbstgrbl14_other_2.jpg,,4,0
JC15HBSYERDF2011,,Bags,simple,Bags,Default Category,base,,"Small and portable designer hand bag with hand made bow designer and metallic logo palla, canvas lined interiors, dual pockets to suit casual and formal occasions",Yes,Jutecotton, Yellow Small Hand held,No,499,No,No,,1,0,4,10,0,1,0,0,1,1,1,0,1,1,1,1,0,1,0,1,0,1,0,0,,,,,,,,,,,,,,,,,88,/j/c/jc15hbsyerdf2011_other_3.jpg,,2,0
,,,,,,,,,,,,,,,,,,,,,,,,,,,,,,,,,,,,,,,,,,,,,,,,,,,,,,,,,88,/j/c/jc15hbsyerdf2011_main.jpg,,1,0
,,,,,,,,,,,,,,,,,,,,,,,,,,,,,,,,,,,,,,,,,,,,,,,,,,,,,,,,,88,/j/c/jc15hbsyerdf2011_other_2.jpg,,3,0
,,,,,,,,,,,,,,,,,,,,,,,,,,,,,,,,,,,,,,,,,,,,,,,,,,,,,,,,,88,/j/c/jc15hbsyerdf2011_other_1.jpg,,4,0
JC15HBTBGRPR1402,,Bags,simple,Bags,Default Category,base,,Grey and Violet big dome shaped tote bag with jutecotton exteriors and canvas interiors ,Yes,Jutecotton, Grey Hand -Held bag,No,499,No,No,,1,0,4,10,0,1,0,0,1,1,1,0,1,1,1,1,0,1,0,1,0,1,0,0,,,,,,,,,,,,,,,,,88,/j/c/jc15hbtbgrpr1402_other_2.jpg,,2,0
,,,,,,,,,,,,,,,,,,,,,,,,,,,,,,,,,,,,,,,,,,,,,,,,,,,,,,,,,88,/j/c/jc15hbtbgrpr1402_main.jpg,,1,0
,,,,,,,,,,,,,,,,,,,,,,,,,,,,,,,,,,,,,,,,,,,,,,,,,,,,,,,,,88,/j/c/jc15hbtbgrpr1402_other_3.jpg,,3,0
,,,,,,,,,,,,,,,,,,,,,,,,,,,,,,,,,,,,,,,,,,,,,,,,,,,,,,,,,88,/j/c/jc15hbtbgrpr1402_other_1.jpg,,4,0
JC15HBTBTCNBBG7,,Bags,simple,Bags,Default Category,base,,"The new Brown Tote bag 2015 model, made by  is a spacious, strong yet fashionable hand bag with 2 top open pouch pockets in the front and 3 pockets in the interior suffcient enough to segregate and hold your important stuff like mobiles, pens and money in addition to improved stiffness and support with smooth and durable bright black canvas interiors. The bag has single gussetted compartment suitable to hold your carry items. Please note that this model doesn't have a zipped closure for the main compartment.",Yes,Jutecotton,Brown Tote bag,No,499,No,No,,1,0,4,10,0,1,0,0,1,1,1,0,1,1,1,1,0,1,0,1,0,1,0,0,,,,,,,,,,,,,,,,,88,/j/c/jc15hbtbtcnbbg7_main.jpg,,1,0
,,,,,,,,,,,,,,,,,,,,,,,,,,,,,,,,,,,,,,,,,,,,,,,,,,,,,,,,,88,/j/c/jc15hbtbtcnbbg7_other_1.jpg,,2,0
,,,,,,,,,,,,,,,,,,,,,,,,,,,,,,,,,,,,,,,,,,,,,,,,,,,,,,,,,88,/j/c/jc15hbtbtcnbbg7_other_4.jpg,,3,0
,,,,,,,,,,,,,,,,,,,,,,,,,,,,,,,,,,,,,,,,,,,,,,,,,,,,,,,,,88,/j/c/jc15hbtbtcnbbg7_other_3.jpg,,4,0
,,,,,,,,,,,,,,,,,,,,,,,,,,,,,,,,,,,,,,,,,,,,,,,,,,,,,,,,,88,/j/c/jc15hbtbtcnbbg7_other_2.jpg,,5,0
JC15JMBBRPRGR16,,Bags,simple,Bags,Default Category,base,,Deep Brown With Rich Blue Colored Gym Bag Made From Rough And Tough Jutecotton Material And Strong Cotton Interiors Is Suitable For Carrying Your Gym Apparels And Accessories Or As A Fashionable Travel Bag..,Yes,Jutecotton,  Brown Blue Duffel,No,499,No,No,,1,0,4,10,0,1,0,0,1,1,1,0,1,1,1,1,0,1,0,1,0,1,0,0,,,,,,,,,,,,,,,,,88,/j/c/jc15jmbbrprgr16_other_4.jpg,,4,0
,,,,,,,,,,,,,,,,,,,,,,,,,,,,,,,,,,,,,,,,,,,,,,,,,,,,,,,,,88,/j/c/jc15jmbbrprgr16_other_3.jpg,,2,0
,,,,,,,,,,,,,,,,,,,,,,,,,,,,,,,,,,,,,,,,,,,,,,,,,,,,,,,,,88,/j/c/jc15jmbbrprgr16_other_2.jpg,,3,0
,,,,,,,,,,,,,,,,,,,,,,,,,,,,,,,,,,,,,,,,,,,,,,,,,,,,,,,,,88,/j/c/jc15jmbbrprgr16_main.jpg,,1,0
,,,,,,,,,,,,,,,,,,,,,,,,,,,,,,,,,,,,,,,,,,,,,,,,,,,,,,,,,88,/j/c/jc15jmbbrprgr16_main_1.jpg,,5,0
JC15JMBPRBRGR16,,Bags,simple,Bags,Default Category,base,,Deep Brown With Rich Blue Colored Gym Bag Made From Rough And Tough Jutecotton Material And Strong Cotton Interiors Is Suitable For Carrying Your Gym Apparels And Accessories Or As A Fashionable Travel Bag..,Yes,Jutecotton, Brown Blue Duffel Bag,No,499,No,No,,1,0,4,10,0,1,0,0,1,1,1,0,1,1,1,1,0,1,0,1,0,1,0,0,,,,,,,,,,,,,,,,,88,/j/c/jc15jmbprbrgr16_other_4.jpg,,2,0
,,,,,,,,,,,,,,,,,,,,,,,,,,,,,,,,,,,,,,,,,,,,,,,,,,,,,,,,,88,/j/c/jc15jmbprbrgr16_other_1.jpg,,3,0
,,,,,,,,,,,,,,,,,,,,,,,,,,,,,,,,,,,,,,,,,,,,,,,,,,,,,,,,,88,/j/c/jc15jmbprbrgr16_other_2.jpg,,4,0
,,,,,,,,,,,,,,,,,,,,,,,,,,,,,,,,,,,,,,,,,,,,,,,,,,,,,,,,,88,/j/c/jc15jmbprbrgr16_main.jpg,,1,0
JC15JMPBBRPRGR16,,Bags,simple,Bags,Default Category,base,,Deep Brown With Rich Blue Colored Gym Bag Made From Rough And Tough Jutecotton Material And Strong Cotton Interiors Is Suitable For Carrying Your Gym Apparels And Accessories Or As A Fashionable Travel Bag..,Yes,Jutecotton, Blue Brown Duffel Bag,No,499,No,No,,1,0,4,10,0,1,0,0,1,1,1,0,1,1,1,1,0,1,0,1,0,1,0,0,,,,,,,,,,,,,,,,,88,/j/c/jc15jmpbbrprgr16_other_3.jpg,,2,0
,,,,,,,,,,,,,,,,,,,,,,,,,,,,,,,,,,,,,,,,,,,,,,,,,,,,,,,,,88,/j/c/jc15jmpbbrprgr16_main.jpg,,1,0
,,,,,,,,,,,,,,,,,,,,,,,,,,,,,,,,,,,,,,,,,,,,,,,,,,,,,,,,,88,/j/c/jc15jmpbbrprgr16_other_1.jpg,,3,0
,,,,,,,,,,,,,,,,,,,,,,,,,,,,,,,,,,,,,,,,,,,,,,,,,,,,,,,,,88,/j/c/jc15jmpbbrprgr16_other_4.jpg,,4,0
JC15LBDBGRBL2002,,Bags,simple,Bags,Default Category,base,,"This new large travel bag made from durable jutecotton and natural fabric interiors will last for long. There are 4 generous pockets to segregate your small sized items. Two types of handles, shoulder handles and cross body strap is provided to be used according to convenience.",Yes,Jutecotton,Grey Black Travel Bag,No,499,No,No,,1,0,4,10,0,1,0,0,1,1,1,0,1,1,1,1,0,1,0,1,0,1,0,0,,,,,,,,,,,,,,,,,88,/j/c/jc15lbdbgrbl2002_other_2.jpg,,2,0
,,,,,,,,,,,,,,,,,,,,,,,,,,,,,,,,,,,,,,,,,,,,,,,,,,,,,,,,,88,/j/c/jc15lbdbgrbl2002_main.jpg,,1,0
,,,,,,,,,,,,,,,,,,,,,,,,,,,,,,,,,,,,,,,,,,,,,,,,,,,,,,,,,88,/j/c/jc15lbdbgrbl2002_other_3.jpg,,3,0
,,,,,,,,,,,,,,,,,,,,,,,,,,,,,,,,,,,,,,,,,,,,,,,,,,,,,,,,,88,/j/c/jc15lbdbgrbl2002_other_1.jpg,,4,0
JC15LPTSLSBGRBR1601,,Bags,simple,Bags,Default Category,base,,Gussetted cushioned laptop bag with rich jutecotton exteriors and canvas interiors and a front pocket for power cord,Yes,Jutecotton, Grey Brown laptop sling bag,No,499,No,No,,1,0,4,10,0,1,0,0,1,1,1,0,1,1,1,1,0,1,0,1,0,1,0,0,,,,,,,,,,,,,,,,,88,/j/c/jc15lptslsbgrbr1601_main.jpg,,1,0
,,,,,,,,,,,,,,,,,,,,,,,,,,,,,,,,,,,,,,,,,,,,,,,,,,,,,,,,,88,/j/c/jc15lptslsbgrbr1601_other_3.jpg,,2,0
,,,,,,,,,,,,,,,,,,,,,,,,,,,,,,,,,,,,,,,,,,,,,,,,,,,,,,,,,88,/j/c/jc15lptslsbgrbr1601_other_2.jpg,,3,0
,,,,,,,,,,,,,,,,,,,,,,,,,,,,,,,,,,,,,,,,,,,,,,,,,,,,,,,,,88,/j/c/jc15lptslsbgrbr1601_other_1.jpg,,4,0
JC15LPTSLSBGRRD11,,Bags,simple,Bags,Default Category,base,,Formal Looking Designer laptop case  extremely durable Jute Cotton Fabric And High Quality Canvas Interiors In bright red.,Yes,Jutecotton,JC15LPTSLSBGRRD11 ,No,499,No,No,,1,0,4,10,0,1,0,0,1,1,1,0,1,1,1,1,0,1,0,1,0,1,0,0,,,,,,,,,,,,,,,,,88,/j/c/jc15lptslsbgrrd11_other_2.jpg,,4,0
,,,,,,,,,,,,,,,,,,,,,,,,,,,,,,,,,,,,,,,,,,,,,,,,,,,,,,,,,88,/j/c/jc15lptslsbgrrd11_other_1.jpg,,2,0
,,,,,,,,,,,,,,,,,,,,,,,,,,,,,,,,,,,,,,,,,,,,,,,,,,,,,,,,,88,/j/c/jc15lptslsbgrrd11_other_3.jpg,,3,0
,,,,,,,,,,,,,,,,,,,,,,,,,,,,,,,,,,,,,,,,,,,,,,,,,,,,,,,,,88,/j/c/jc15lptslsbgrrd11_main.jpg,,1,0
JC15MSSLYPR1008,,Bags,simple,Bags,Default Category,base,, JC15MSSLYPR1008 jutecotton zari design Messenger Bag,No,Jutecotton,Jutecotton zari design Messenger Bag,No,499,No,No,,1,0,4,10,0,1,0,0,1,1,1,0,1,1,1,1,0,1,0,1,0,1,0,0,,,,,,,,,,,,,,,,,88,/j/c/jc15msslypr1008_other_3.jpg,,4,0
,,,,,,,,,,,,,,,,,,,,,,,,,,,,,,,,,,,,,,,,,,,,,,,,,,,,,,,,,88,/j/c/jc15msslypr1008_other_2.jpg,,2,0
,,,,,,,,,,,,,,,,,,,,,,,,,,,,,,,,,,,,,,,,,,,,,,,,,,,,,,,,,88,/j/c/jc15msslypr1008_other_4.jpg,,3,0
,,,,,,,,,,,,,,,,,,,,,,,,,,,,,,,,,,,,,,,,,,,,,,,,,,,,,,,,,88,/j/c/jc15msslypr1008_main.jpg,,1,0
,,,,,,,,,,,,,,,,,,,,,,,,,,,,,,,,,,,,,,,,,,,,,,,,,,,,,,,,,88,/j/c/jc15msslypr1008_other_1.jpg,,5,0
JC15TBHBBRVLPUBR11,,Bags,simple,Bags,Default Category,base,,"Deep dual color jute cotton exteriors with complement dual color canvas interiors makes the bag look extremely stylish both sides, has sufficient pockets",Yes,Jutecotton,  Tri color Tote Bag,No,499,No,No,,1,0,4,10,0,1,0,0,1,1,1,0,1,1,1,1,0,1,0,1,0,1,0,0,,,,,,,,,,,,,,,,,88,/j/c/jc15tbhbbrvlpubr11_other_3.jpg,,4,0
,,,,,,,,,,,,,,,,,,,,,,,,,,,,,,,,,,,,,,,,,,,,,,,,,,,,,,,,,88,/j/c/jc15tbhbbrvlpubr11_other_1.jpg,,2,0
,,,,,,,,,,,,,,,,,,,,,,,,,,,,,,,,,,,,,,,,,,,,,,,,,,,,,,,,,88,/j/c/jc15tbhbbrvlpubr11_other_2.jpg,,3,0
,,,,,,,,,,,,,,,,,,,,,,,,,,,,,,,,,,,,,,,,,,,,,,,,,,,,,,,,,88,/j/c/jc15tbhbbrvlpubr11_main.jpg,,1,0
JC15TBHBVL2,,Bags,simple,Bags,Default Category,base,,"The new Violet Tote bag is a spacious, strong yet fashionable hand bag with 2 top open pouch pockets in the front and 3 pockets in the interior suffcient enough to segregate and hold your important stuff like mobiles, pens and money in addition to improved stiffness and support with smooth and durable bright red canvas interiors. The bag has single gussetted compartment.",Yes,Jutecotton,Violet red tote bag,No,499,No,No,,1,0,4,10,0,1,0,0,1,1,1,0,1,1,1,1,0,1,0,1,0,1,0,0,,,,,,,,,,,,,,,,,88,/j/c/jc15tbhbvl2_other_1.jpg,,4,0
,,,,,,,,,,,,,,,,,,,,,,,,,,,,,,,,,,,,,,,,,,,,,,,,,,,,,,,,,88,/j/c/jc15tbhbvl2_other_3.jpg,,2,0
,,,,,,,,,,,,,,,,,,,,,,,,,,,,,,,,,,,,,,,,,,,,,,,,,,,,,,,,,88,/j/c/jc15tbhbvl2_other_2.jpg,,3,0
,,,,,,,,,,,,,,,,,,,,,,,,,,,,,,,,,,,,,,,,,,,,,,,,,,,,,,,,,88,/j/c/jc15tbhbvl2_main.jpg,,1,0
JC16YBSOPRBL0701,,Bags,simple,Bags,Default Category,base,,Simple yet elegant yogamat bag with jutecotton exteriors and canvas interiors. This bag has a horizantal zipper closure and a dual color shoulder strap. ,No,Jutecotton,  Violet jutecotton Yogamat bag,No,499,No,No,,1,0,4,10,0,1,0,0,1,1,1,0,1,1,1,1,0,1,0,1,0,1,0,0,,,,,,,,,,,,,,,,,88,/j/c/jc16ybsoprbl0701_main.jpg,,1,0
,,,,,,,,,,,,,,,,,,,,,,,,,,,,,,,,,,,,,,,,,,,,,,,,,,,,,,,,,88,/j/c/jc16ybsoprbl0701_other_1.jpg,,2,0
,,,,,,,,,,,,,,,,,,,,,,,,,,,,,,,,,,,,,,,,,,,,,,,,,,,,,,,,,88,/j/c/jc16ybsoprbl0701_other2.jpg,,3,0
JC15TBHBBGBR2102,,Bags,simple,Bags,Default Category,base,,Beige and royal Blue big tote bag jutecotton exteriors and canvas interiors with flap pocket in the from ,Yes,Jutecotton, Beige Hand -Held bag,No,499,No,No,,1,0,4,10,0,1,0,0,1,1,1,0,1,1,1,1,0,1,0,1,0,1,0,0,,,,,,,,,,,,,,,,,88,/j/c/jc15tbhbbgbr2102_other_3.jpg,,4,0
,,,,,,,,,,,,,,,,,,,,,,,,,,,,,,,,,,,,,,,,,,,,,,,,,,,,,,,,,88,/j/c/jc15tbhbbgbr2102_other_2.jpg,,2,0
,,,,,,,,,,,,,,,,,,,,,,,,,,,,,,,,,,,,,,,,,,,,,,,,,,,,,,,,,88,/j/c/jc15tbhbbgbr2102_other_1.jpg,,3,0
,,,,,,,,,,,,,,,,,,,,,,,,,,,,,,,,,,,,,,,,,,,,,,,,,,,,,,,,,88,/j/c/jc15tbhbbgbr2102_main.jpg,,1,0
JT15BKPBBRBL2502,,Bags,simple,Bags,Default Category,base,,"Casual And Cool brown Backpack made from pure jute with multiple Pockets, Padded Back, Two Designer Pockets On Sides And Hidden Base Pocket. Suitable For College Or Other Casual Occasions. ",Yes,Jutecotton, Jute Stylo Brown Backpack,No,499,No,No,,1,0,4,10,0,1,0,0,1,1,1,0,1,1,1,1,0,1,0,1,0,1,0,0,,,,,,,,,,,,,,,,,88,/j/t/jt15bkpbbrbl2502_other_3.jpg,,3,0
,,,,,,,,,,,,,,,,,,,,,,,,,,,,,,,,,,,,,,,,,,,,,,,,,,,,,,,,,88,/j/t/jt15bkpbbrbl2502_other_2.jpg,,2,0
,,,,,,,,,,,,,,,,,,,,,,,,,,,,,,,,,,,,,,,,,,,,,,,,,,,,,,,,,88,/j/t/jt15bkpbbrbl2502_main.jpg,,1,0
,,,,,,,,,,,,,,,,,,,,,,,,,,,,,,,,,,,,,,,,,,,,,,,,,,,,,,,,,88,/j/t/jt15bkpbbrbl2502_other_1.jpg,,4,0
,,,,,,,,,,,,,,,,,,,,,,,,,,,,,,,,,,,,,,,,,,,,,,,,,,,,,,,,,88,/j/t/jt15bkpbbrbl2502_other_4.jpg,,5,0
JT15BKPBGRBL2502,,Bags,simple,Bags,Default Category,base,,"Casual And Cool Grey Backpack made from pure jute with multiple Pockets, Padded Back, Two Designer Pockets On Sides And Hidden Base Pocket. Suitable For College Or Other Casual Occasions. ",Yes,Jutecotton,  Grey black Jute Stylo Backpack,No,499,No,No,,1,0,4,10,0,1,0,0,1,1,1,0,1,1,1,1,0,1,0,1,0,1,0,0,,,,,,,,,,,,,,,,,88,/j/t/jt15bkpbgrbl2502_other_2_.jpg,,4,0
,,,,,,,,,,,,,,,,,,,,,,,,,,,,,,,,,,,,,,,,,,,,,,,,,,,,,,,,,88,/j/t/jt15bkpbgrbl2502_main.jpg,,1,0
,,,,,,,,,,,,,,,,,,,,,,,,,,,,,,,,,,,,,,,,,,,,,,,,,,,,,,,,,88,/j/t/jt15bkpbgrbl2502_other_1_.jpg,,3,0
,,,,,,,,,,,,,,,,,,,,,,,,,,,,,,,,,,,,,,,,,,,,,,,,,,,,,,,,,88,/j/t/jt15bkpbgrbl2502_other_3.jpg,,2,0
JC15FBSLGRRB1601,,Bags,simple,Bags,Default Category,base,,Formal Looking Designer Sling Bag With Flap Made From Extremely Durable Jute Cotton Fabric And High Quality Canvas Interiors In Dark Blue Adorned With A Blue Stripe Of Canvas In Gusset And Flap. Will Suit All Your Formal Attire. Looks Trendy And At The Same Time You Are Being Eco Friendly.,Yes,Jutecotton, Grey Sling Bag,No,499,No,No,,1,0,4,10,0,1,0,0,1,1,1,0,1,1,1,1,0,1,0,1,0,1,0,0,,,,,,,,,,,,,,,,,88,/j/c/jc15fbslgrrb1601_other_1.jpg,,4,0
,,,,,,,,,,,,,,,,,,,,,,,,,,,,,,,,,,,,,,,,,,,,,,,,,,,,,,,,,88,/j/c/jc15fbslgrrb1601_other_3.jpg,,2,0
,,,,,,,,,,,,,,,,,,,,,,,,,,,,,,,,,,,,,,,,,,,,,,,,,,,,,,,,,88,/j/c/jc15fbslgrrb1601_other_2.jpg,,3,0
,,,,,,,,,,,,,,,,,,,,,,,,,,,,,,,,,,,,,,,,,,,,,,,,,,,,,,,,,88,/j/c/jc15fbslgrrb1601_main.jpg,,1,0
JC15FBSLGRRD5,,Bags,simple,Bags,Default Category,base,,Formal Looking Designer Sling Bag With Flap Made From Extremely Durable Jute Cotton Fabric And High Quality Canvas Interiors In bright red Adorned With A Red Stripe Of Canvas In Gusset And Flap. Will Suit All Your Formal Attire. Looks Trendy And At The Same Time You Are Being Eco Friendly.,Yes,Jutecotton, Grey Red jutecotton Sling bag,No,499,No,No,,1,0,4,10,0,1,0,0,1,1,1,0,1,1,1,1,0,1,0,1,0,1,0,0,,,,,,,,,,,,,,,,,88,/j/c/jc15fbslgrrd5_other_1.jpg,,4,0
,,,,,,,,,,,,,,,,,,,,,,,,,,,,,,,,,,,,,,,,,,,,,,,,,,,,,,,,,88,/j/c/jc15fbslgrrd5_other_3.jpg,,2,0
,,,,,,,,,,,,,,,,,,,,,,,,,,,,,,,,,,,,,,,,,,,,,,,,,,,,,,,,,88,/j/c/jc15fbslgrrd5_other_2.jpg,,3,0
,,,,,,,,,,,,,,,,,,,,,,,,,,,,,,,,,,,,,,,,,,,,,,,,,,,,,,,,,88,/j/c/jc15fbslgrrd5_main.jpg,,1,0
JC15TBHBBR2,,Bags,simple,Bags,Default Category,base,,JUTE CENTRAL,Yes,Jutecotton, Grey Red jutecotton Sling bag,No,499,No,No,,1,0,4,10,0,1,0,0,1,1,1,0,1,1,1,1,0,1,0,1,0,1,0,0,,,,,,,,,,,,,,,,,88,/j/c/jc15tbhbbr2_main.jpg,,1,0
,,,,,,,,,,,,,,,,,,,,,,,,,,,,,,,,,,,,,,,,,,,,,,,,,,,,,,,,,88,/j/c/jc15tbhbbr2_other_2.jpg,,2,0
,,,,,,,,,,,,,,,,,,,,,,,,,,,,,,,,,,,,,,,,,,,,,,,,,,,,,,,,,88,/j/c/jc15tbhbbr2_other_4.jpg,,3,0
,,,,,,,,,,,,,,,,,,,,,,,,,,,,,,,,,,,,,,,,,,,,,,,,,,,,,,,,,88,/j/c/jc15tbhbbr2_other_3.jpg,,4,0
,,,,,,,,,,,,,,,,,,,,,,,,,,,,,,,,,,,,,,,,,,,,,,,,,,,,,,,,,88,/j/c/jc15tbhbbr2_other_1.jpg,,5,0
JT15GDJRBBG1602v2,,Bags,simple,Bags,Default Category,base,,"New designer tote from  is a Spacious, Strong and elegant Hand Bag that had fully natural fabric interiors.  Beige colour adorned with jari in front and handles makes an exclusive style remark.",Yes,Jutecotton,Beige tote bag,No,499,No,No,,1,0,4,10,0,1,0,0,1,1,1,0,1,1,1,1,0,1,0,1,0,1,0,0,,,,,,,,,,,,,,,,,88,/j/t/jt15gdjrbbg1602v2_other_1.jpg,,4,0
,,,,,,,,,,,,,,,,,,,,,,,,,,,,,,,,,,,,,,,,,,,,,,,,,,,,,,,,,88,/j/t/jt15gdjrbbg1602v2_other_3.jpg,,2,0
,,,,,,,,,,,,,,,,,,,,,,,,,,,,,,,,,,,,,,,,,,,,,,,,,,,,,,,,,88,/j/t/jt15gdjrbbg1602v2_other_2.jpg,,3,0
,,,,,,,,,,,,,,,,,,,,,,,,,,,,,,,,,,,,,,,,,,,,,,,,,,,,,,,,,88,/j/t/jt15gdjrbbg1602v2_main.jpg,,1,0
JT15WBBGBJ010,,Bags,simple,Bags,Default Category,base,,"Pretty ethnic looking pure jute bags in beige and brown colors adorned by jaris and frilled, may be used as gift bags for all occasions, may be used as tamboolam bags for marriages, festivals and pooja",Yes,Jute, Tamboolam Biege Brown Frill bag,No,499,No,No,,1,0,4,10,0,1,0,0,1,1,1,0,1,1,1,1,0,1,0,1,0,1,0,0,,,,,,,,,,,,,,,,,,,,,
jt15lbyerdprrd1501,,Bags,simple,Bags,Default Category,base,, colorful lunch box bags with complimentary purse suits official and casual occasions for carrying your tiffin or anything.,Yes,Jute,Red Hand held bag,No,499,No,No,,1,0,4,10,0,1,0,0,1,1,1,0,1,1,1,1,0,1,0,1,0,1,0,0,,,,,,,,,,,,,,,,,88,/j/t/jt15lbyerdprrd1501_other_1.jpg,,2,0
,,,,,,,,,,,,,,,,,,,,,,,,,,,,,,,,,,,,,,,,,,,,,,,,,,,,,,,,,88,/j/t/jt15lbyerdprrd1501_main.jpg,,1,0
JC15CLSLSBRDBR14,,Bags,simple,Bags,Default Category,base,,Economical and Formal looking jute cross body bag is one of its kind with pure jute interiors and adjustable strap,Yes,Jute,  Red Cross Body Bag,No,499,No,No,,1,0,4,10,0,1,0,0,1,1,1,0,1,1,1,1,0,1,0,1,0,1,0,0,,,,,,,,,,,,,,,,,88,/j/c/jc15clslsbrdbr14_other_4.jpg,,4,0
,,,,,,,,,,,,,,,,,,,,,,,,,,,,,,,,,,,,,,,,,,,,,,,,,,,,,,,,,88,/j/c/jc15clslsbrdbr14_main.jpg,,1,0
,,,,,,,,,,,,,,,,,,,,,,,,,,,,,,,,,,,,,,,,,,,,,,,,,,,,,,,,,88,/j/c/jc15clslsbrdbr14_other_1.jpg,,3,0
,,,,,,,,,,,,,,,,,,,,,,,,,,,,,,,,,,,,,,,,,,,,,,,,,,,,,,,,,88,/j/c/jc15clslsbrdbr14_other_2.jpg,,2,0
,,,,,,,,,,,,,,,,,,,,,,,,,,,,,,,,,,,,,,,,,,,,,,,,,,,,,,,,,88,/j/c/jc15clslsbrdbr14_other_3.jpg,,5,0
JC15CLSLFBCRBR1601,,Bags,simple,Bags,Default Category,base,,Economical and Formal looking jute cross body bag is one of its kind with pure jute interiors and adjustable strap,Yes,Jute, Criam Cross Body Bag,No,499,No,No,,1,0,4,10,0,1,0,0,1,1,1,0,1,1,1,1,0,1,0,1,0,1,0,0,,,,,,,,,,,,,,,,,88,/j/c/jc15clslfbcrbr1601_main.jpg,,1,0
,,,,,,,,,,,,,,,,,,,,,,,,,,,,,,,,,,,,,,,,,,,,,,,,,,,,,,,,,88,/j/c/jc15clslfbcrbr1601_other_3.jpg,,3,0
,,,,,,,,,,,,,,,,,,,,,,,,,,,,,,,,,,,,,,,,,,,,,,,,,,,,,,,,,88,/j/c/jc15clslfbcrbr1601_other_2.jpg,,2,0
,,,,,,,,,,,,,,,,,,,,,,,,,,,,,,,,,,,,,,,,,,,,,,,,,,,,,,,,,88,/j/c/jc15clslfbcrbr1601_other_1.jpg,,4,0
JC15HBFYEGR21F,,Bags,simple,Bags,Default Category,base,,"Frill floral designer handbag with handmade floral front and fully pure cotton lined interiors and juco exteriors looks elegant forever with pockets both inside and outside. Please do not wash, may be wiped with a wet soft fabric.",Yes,Jutecotton, Yellow Hand-held Bag,No,499,No,No,,1,0,4,10,0,1,0,0,1,1,1,0,1,1,1,1,0,1,0,1,0,1,0,0,,,,,,,,,,,,,,,,,88,/j/c/jc15hbfyegr21f_other_3.jpg,,2,0
,,,,,,,,,,,,,,,,,,,,,,,,,,,,,,,,,,,,,,,,,,,,,,,,,,,,,,,,,88,/j/c/jc15hbfyegr21f_main.jpg,,1,0
,,,,,,,,,,,,,,,,,,,,,,,,,,,,,,,,,,,,,,,,,,,,,,,,,,,,,,,,,88,/j/c/jc15hbfyegr21f_other_4.jpg,,3,0
,,,,,,,,,,,,,,,,,,,,,,,,,,,,,,,,,,,,,,,,,,,,,,,,,,,,,,,,,88,/j/c/jc15hbfyegr21f_other_1.jpg,,4,0
,,,,,,,,,,,,,,,,,,,,,,,,,,,,,,,,,,,,,,,,,,,,,,,,,,,,,,,,,88,/j/c/jc15hbfyegr21f_other_2.jpg,,5,0
JC15GBSBOGYEGR15,,Bags,simple,Bags,Default Category,base,,Dull green with bright yellow colored gym bag made from rough and tough jute material and strong canvas interiors is suitable for carrying your gym apparels and accessories or as a fashionable travel bag..,Yes,Jutecotton,  Green Yellow Duffel Bag,No,499,No,No,,1,0,4,10,0,1,0,0,1,1,1,0,1,1,1,1,0,1,0,1,0,1,0,0,,,,,,,,,,,,,,,,,88,/j/c/jc15gbsbogyegr15_other_1.jpg,,3,0
,,,,,,,,,,,,,,,,,,,,,,,,,,,,,,,,,,,,,,,,,,,,,,,,,,,,,,,,,88,/j/c/jc15gbsbogyegr15_main.jpg,,1,0
,,,,,,,,,,,,,,,,,,,,,,,,,,,,,,,,,,,,,,,,,,,,,,,,,,,,,,,,,88,/j/c/jc15gbsbogyegr15-other_2.jpg,,2,0
,,,,,,,,,,,,,,,,,,,,,,,,,,,,,,,,,,,,,,,,,,,,,,,,,,,,,,,,,88,/j/c/jc15gbsbogyegr15-other_3.jpg,,4,0
JC15GMBSBYEOGGR15,,Bags,simple,Bags,Default Category,base,,Dull green with bright yellow colored gym bag made from rough and tough jute material and strong cotton interiors is suitable for carrying your gym apparels and accessories or as a fashionable travel bag..,Yes,Jutecotton,  Yellow Green Duffel Bag,No,499,No,No,,1,0,4,10,0,1,0,0,1,1,1,0,1,1,1,1,0,1,0,1,0,1,0,0,,,,,,,,,,,,,,,,,88,/j/c/jc15gmbsbyeoggr15_other_2.jpg,,3,0
,,,,,,,,,,,,,,,,,,,,,,,,,,,,,,,,,,,,,,,,,,,,,,,,,,,,,,,,,88,/j/c/jc15gmbsbyeoggr15_other_1.jpg,,2,0
,,,,,,,,,,,,,,,,,,,,,,,,,,,,,,,,,,,,,,,,,,,,,,,,,,,,,,,,,88,/j/c/jc15gmbsbyeoggr15_main.jpg,,1,0
,,,,,,,,,,,,,,,,,,,,,,,,,,,,,,,,,,,,,,,,,,,,,,,,,,,,,,,,,88,/j/c/jc15gmbsbyeoggr15_other_3.jpg,,4,0
JC15HBTBTCNBGR7,,Bags,simple,Bags,Default Category,base,,The simple and elegant designer bag has Single Gussetted Compartment which is spacious and suitable To carry for work or other formal occasions,Yes,Jutecotton, Grey Blue tote bag,No,499,No,No,,1,0,4,10,0,1,0,0,1,1,1,0,1,1,1,1,0,1,0,1,0,1,0,0,,,,,,,,,,,,,,,,,88,/j/c/jc15hbtbtcnbgr7_main.jpg,,1,0
,,,,,,,,,,,,,,,,,,,,,,,,,,,,,,,,,,,,,,,,,,,,,,,,,,,,,,,,,88,/j/c/jc15hbtbtcnbgr7_other_2.jpg,,2,0
,,,,,,,,,,,,,,,,,,,,,,,,,,,,,,,,,,,,,,,,,,,,,,,,,,,,,,,,,88,/j/c/jc15hbtbtcnbgr7_other_1.jpg,,3,0
,,,,,,,,,,,,,,,,,,,,,,,,,,,,,,,,,,,,,,,,,,,,,,,,,,,,,,,,,88,/j/c/jc15hbtbtcnbgr7_other_3.jpg,,4,0
JC15LPTSLSBYLNB11,,Bags,simple,Bags,Default Category,base,,Formal bright yellow simple laptop case with adjustable strap and interior and exterior pockets made from hybrid juco fabric,Yes,Jutecotton, Yellowlaptop sling bag,No,499,No,No,,1,0,4,10,0,1,0,0,1,1,1,0,1,1,1,1,0,1,0,1,0,1,0,0,,,,,,,,,,,,,,,,,,,,,
JC15MBHBBRBL10,,Bags,simple,Bags,Default Category,base,,Trapezium shaped designer handbag with handmade floral front and fully herringbone lined jetblack jutecotton interiors and exteriors looks elegant forever with generous pockets both inside and outside,Yes,Jutecotton,  Green m  Hand-held Bag,No,499,No,No,,1,0,4,10,0,1,0,0,1,1,1,0,1,1,1,1,0,1,0,1,0,1,0,0,,,,,,,,,,,,,,,,,88,/j/c/jc15mbhbbrbl10_other_3.jpg,,3,0
,,,,,,,,,,,,,,,,,,,,,,,,,,,,,,,,,,,,,,,,,,,,,,,,,,,,,,,,,88,/j/c/jc15mbhbbrbl10-other_2.jpg,,2,0
,,,,,,,,,,,,,,,,,,,,,,,,,,,,,,,,,,,,,,,,,,,,,,,,,,,,,,,,,88,/j/c/jc15mbhbbrbl10-main.jpg,,1,0
,,,,,,,,,,,,,,,,,,,,,,,,,,,,,,,,,,,,,,,,,,,,,,,,,,,,,,,,,88,/j/c/jc15mbhbbrbl10-other_1.jpg,,4,0
JC15MBHBOGBL2010,,Bags,simple,Bags,Default Category,base,,Trapezium shaped designer handbag with handmade floral design and fully herringbone lined jetblack jutecotton interiors and exteriors looks elegant forever with generous pockets both inside and outside,Yes,Jutecotton, Green m  Hand-held Bag,No,499,No,No,,1,0,4,10,0,1,0,0,1,1,1,0,1,1,1,1,0,1,0,1,0,1,0,0,,,,,,,,,,,,,,,,,88,/j/c/jc15mbhbogbl2010_main.jpg,,1,0
,,,,,,,,,,,,,,,,,,,,,,,,,,,,,,,,,,,,,,,,,,,,,,,,,,,,,,,,,88,/j/c/jc15mbhbogbl2010_other_2.jpg,,2,0
,,,,,,,,,,,,,,,,,,,,,,,,,,,,,,,,,,,,,,,,,,,,,,,,,,,,,,,,,88,/j/c/jc15mbhbogbl2010_other_3.jpg,,3,0
,,,,,,,,,,,,,,,,,,,,,,,,,,,,,,,,,,,,,,,,,,,,,,,,,,,,,,,,,88,/j/c/jc15mbhbogbl2010_other_1.jpg,,4,0
JC15SBBBVLRD1,,Bags,simple,Bags,Default Category,base,,This new model Boat shaped tote is made of violet jute cotton fabric with convenient interior zipped pocket and 2 pockets. Interiors are made from bright red canvas and neatly finished. Suitable for working women to carry their daily working hour needs. ,Yes,Jutecotton,Jutecotton Plain boat bag,No,499,No,No,,1,0,4,10,0,1,0,0,1,1,1,0,1,1,1,1,0,1,0,1,0,1,0,0,,,,,,,,,,,,,,,,,88,/j/c/jc15sbbbvlrd1_other_3.jpg,,3,0
,,,,,,,,,,,,,,,,,,,,,,,,,,,,,,,,,,,,,,,,,,,,,,,,,,,,,,,,,88,/j/c/jc15sbbbvlrd1_other_2.jpg,,2,0
,,,,,,,,,,,,,,,,,,,,,,,,,,,,,,,,,,,,,,,,,,,,,,,,,,,,,,,,,88,/j/c/jc15sbbbvlrd1_main.jpg,,1,0
,,,,,,,,,,,,,,,,,,,,,,,,,,,,,,,,,,,,,,,,,,,,,,,,,,,,,,,,,88,/j/c/jc15sbbbvlrd1_other_1.jpg,,4,0
JC15SBBBYEPRF2010,,Bags,simple,Bags,Default Category,base,,This new model Boat shaped tote is made jute cotton fabric with convenient interior zipped pocket and 2  pockets. Interiors are made from bright purple canvas and neatly finished. This boat shaped tote is adorned with the brand and a floral design.,Yes,Jutecotton,  Yellow Hand held bag,No,499,No,No,,1,0,4,10,0,1,0,0,1,1,1,0,1,1,1,1,0,1,0,1,0,1,0,0,,,,,,,,,,,,,,,,,88,/j/c/jc15sbbbyeprf2010_other_1.jpg,,3,0
,,,,,,,,,,,,,,,,,,,,,,,,,,,,,,,,,,,,,,,,,,,,,,,,,,,,,,,,,88,/j/c/jc15sbbbyeprf2010_other_2.jpg,,2,0
,,,,,,,,,,,,,,,,,,,,,,,,,,,,,,,,,,,,,,,,,,,,,,,,,,,,,,,,,88,/j/c/jc15sbbbyeprf2010_main.jpg,,1,0
,,,,,,,,,,,,,,,,,,,,,,,,,,,,,,,,,,,,,,,,,,,,,,,,,,,,,,,,,88,/j/c/jc15sbbbyeprf2010_other_3.jpg,,4,0
JC15SDTBBGNB1001,,Bags,simple,Bags,Default Category,base,,"Tote bag made by jute central is a spacious, strong yet fashionable hand bag with 2 top open pouch pockets in the front and 3 pockets in the interior.The bag has single spacious  gussetted compartment and has navy blue canvas interiors",Yes,Jutecotton,  Beige Cross Body Tote,No,499,No,No,,1,0,4,10,0,1,0,0,1,1,1,0,1,1,1,1,0,1,0,1,0,1,0,0,,,,,,,,,,,,,,,,,88,/j/c/jc15sdtbbgnb1001_other_1.jpg,,3,0
,,,,,,,,,,,,,,,,,,,,,,,,,,,,,,,,,,,,,,,,,,,,,,,,,,,,,,,,,88,/j/c/jc15sdtbbgnb1001_other_2.jpg,,2,0
,,,,,,,,,,,,,,,,,,,,,,,,,,,,,,,,,,,,,,,,,,,,,,,,,,,,,,,,,88,/j/c/jc15sdtbbgnb1001_main.jpg,,1,0
,,,,,,,,,,,,,,,,,,,,,,,,,,,,,,,,,,,,,,,,,,,,,,,,,,,,,,,,,88,/j/c/jc15sdtbbgnb1001_other_3.jpg,,4,0
JC15YBSGR0601,,Bags,simple,Bags,Default Category,base,,Simple yet elegant hybrid jutecotton yogamat bag with wo side zippers for closure,Yes,Jutecotton,  Grey Yogamat bag,No,499,No,No,,1,0,4,10,0,1,0,0,1,1,1,0,1,1,1,1,0,1,0,1,0,1,0,0,,,,,,,,,,,,,,,,,88,/j/c/jc15ybsgr0601_main.jpg,,1,0
,,,,,,,,,,,,,,,,,,,,,,,,,,,,,,,,,,,,,,,,,,,,,,,,,,,,,,,,,88,/j/c/jc15ybsgr0601_other_3.jpg,,2,0
,,,,,,,,,,,,,,,,,,,,,,,,,,,,,,,,,,,,,,,,,,,,,,,,,,,,,,,,,88,/j/c/jc15ybsgr0601_other_2.jpg,,3,0
,,,,,,,,,,,,,,,,,,,,,,,,,,,,,,,,,,,,,,,,,,,,,,,,,,,,,,,,,88,/j/c/jc15ybsgr0601_other_1.jpg,,4,0
CA15YBSMR0401,,Bags,simple,Bags,Default Category,base,,Simple yet elegant canvas yogamat bag with drawstrings for closure,Yes,Canvas,  Maroon canvas Yogamat bag,No,499,No,No,,1,0,4,10,0,1,0,0,1,1,1,0,1,1,1,1,0,1,0,1,0,1,0,0,,,,,,,,,,,,,,,,,88,/c/a/ca15ybsmr0401_main.jpg,,1,0
,,,,,,,,,,,,,,,,,,,,,,,,,,,,,,,,,,,,,,,,,,,,,,,,,,,,,,,,,88,/c/a/ca15ybsmr0401_other_1.jpg,,2,0
JT15YBSBR0401,,Bags,simple,Bags,Default Category,base,,Simple yet elegant pure jute yogamat bag with drawstrings for closure,Yes,Jute, Brown Yogamat bag,No,499,No,No,,1,0,4,10,0,1,0,0,1,1,1,0,1,1,1,1,0,1,0,1,0,1,0,0,,,,,,,,,,,,,,,,,88,/j/t/jt15ybsbr0401_other_1.jpg,,2,0
,,,,,,,,,,,,,,,,,,,,,,,,,,,,,,,,,,,,,,,,,,,,,,,,,,,,,,,,,88,/j/t/jt15ybsbr0401_main.jpg,,1,0
JT15LBYEPRYE1001,,Bags,simple,Bags,Default Category,base,,Colorful lunch box bags with complimentary purse suits official and casual occasions for carrying your tiffin or anything.,Yes,Jute, Yellow Hand held bag,No,499,No,No,,1,0,4,10,0,1,0,0,1,1,1,0,1,1,1,1,0,1,0,1,0,1,0,0,,,,,,,,,,,,,,,,,88,/j/t/jt15lbyeprye1001_main.jpg,,1,0
,,,,,,,,,,,,,,,,,,,,,,,,,,,,,,,,,,,,,,,,,,,,,,,,,,,,,,,,,88,/j/t/jt15lbyeprye1001_other_1.jpg,,2,0
JC15CAMSLBGBR1,,Bags,simple,Bags,Default Category,base,,Casual crossbody small size camera pouch bag with jutecotton an canvas exteriors makes it easy to carry camera or mobile and money. ,Yes,Jutecotton,  Brown Beige Camera bag,No,499,No,No,,1,0,4,10,0,1,0,0,1,1,1,0,1,1,1,1,0,1,0,1,0,1,0,0,JC15CAMSLGRBL15,0,,,,,,,,,,,,,,,88,/j/c/jc15camslbgbr1_other_3.jpg,,4,0
,,,,,,,,,,,,,,,,,,,,,,,,,,,,,,,,,,,,,,,,,,,,,,,,,,,,,,,,,88,/j/c/jc15camslbgbr1_main.jpg,,1,0
,,,,,,,,,,,,,,,,,,,,,,,,,,,,,,,,,,,,,,,,,,,,,,,,,,,,,,,,,88,/j/c/jc15camslbgbr1_other_1.jpg,,2,0
,,,,,,,,,,,,,,,,,,,,,,,,,,,,,,,,,,,,,,,,,,,,,,,,,,,,,,,,,88,/j/c/jc15camslbgbr1_other_2.jpg,,3,0
JC15CAMSLGRBL15,,Bags,simple,Bags,Default Category,base,,Casual crossbody small size camera pouch bag with jutecotton an canvas exteriors makes it easy to carry camera or mobile and money. ,Yes,Jutecotton,  Green Black Camera bag,No,499,No,No,,1,0,4,5,0,1,0,0,1,1,1,0,1,1,1,1,0,1,0,1,0,1,0,0,,,,,,,,,,,,,,,,,88,/j/c/jc15camslgrbl15_other_3.jpg,,4,0
,,,,,,,,,,,,,,,,,,,,,,,,,,,,,,,,,,,,,,,,,,,,,,,,,,,,,,,,,88,/j/c/jc15camslgrbl15_main.jpg,,1,0
,,,,,,,,,,,,,,,,,,,,,,,,,,,,,,,,,,,,,,,,,,,,,,,,,,,,,,,,,88,/j/c/jc15camslgrbl15_other_2.jpg,,3,0
,,,,,,,,,,,,,,,,,,,,,,,,,,,,,,,,,,,,,,,,,,,,,,,,,,,,,,,,,88,/j/c/jc15camslgrbl15_other_1.jpg,,2,0
JC15SBBBFVLRD1,,Bags,simple,Bags,Default Category,base,,This new model Boat shaped tote is made of violet jute cotton fabric with convenient interior zipped pocket and 2 pockets to hold your essentials like mobile and pens. Interiors are made from bright red canvas and neatly finished. Suitable for working women to carry their daily working hour needs. Floral embellishment on the front compliments the otherwise smooth plain tote.,Yes,Jutecotton,Jutecotton floral boat bag,No,499,No,No,,1,0,4,10,0,1,0,0,1,1,1,0,1,1,1,1,0,1,0,1,0,1,0,0,,,,,,,,,,,,,,,,,88,/j/c/jc15sbbbfvlrd1_other_3.jpg,,3,0
,,,,,,,,,,,,,,,,,,,,,,,,,,,,,,,,,,,,,,,,,,,,,,,,,,,,,,,,,88,/j/c/jc15sbbbfvlrd1_other_2.jpg,,2,0
,,,,,,,,,,,,,,,,,,,,,,,,,,,,,,,,,,,,,,,,,,,,,,,,,,,,,,,,,88,/j/c/jc15sbbbfvlrd1_main.jpg,,1,0
,,,,,,,,,,,,,,,,,,,,,,,,,,,,,,,,,,,,,,,,,,,,,,,,,,,,,,,,,88,/j/c/jc15sbbbfvlrd1_other_1.jpg,,4,0
JC15SDGBGRPRGR1202,,Bags,simple,Bags,Default Category,base,,Durable And Tough Jutecotton Dual Color  Gym Bag With Strong Cotton Interiors Suitable To Carry Your Gym Accessories Or Your Essential Utilities For A Small Travel.,Yes,Jutecotton,  Grey Blue Duffel Bag,No,499,No,No,,1,0,4,10,0,1,0,0,1,1,1,0,1,1,1,1,0,1,0,1,0,1,0,0,,,,,,,,,,,,,,,,,88,/j/c/jc15sdgbgrprgr1202_other_2.jpg,,4,0
,,,,,,,,,,,,,,,,,,,,,,,,,,,,,,,,,,,,,,,,,,,,,,,,,,,,,,,,,88,/j/c/jc15sdgbgrprgr1202_other_1.jpg,,2,0
,,,,,,,,,,,,,,,,,,,,,,,,,,,,,,,,,,,,,,,,,,,,,,,,,,,,,,,,,88,/j/c/jc15sdgbgrprgr1202_other_3.jpg,,3,0
,,,,,,,,,,,,,,,,,,,,,,,,,,,,,,,,,,,,,,,,,,,,,,,,,,,,,,,,,88,/j/c/jc15sdgbgrprgr1202_main.jpg,,1,0
JC15SDLBGRBR2202,,Bags,simple,Bags,Default Category,base,,"This new large medium sized travel cum sport bag made from durable natural fabric will last for long. There are 2 generous pockets to segregate your small sized items. Two types of handles, shoulder handles and cross body strap is provided to be used according to convenience. Use the handle cushions to ease the pressure on your hands.",Yes,Canvas,Grey Brown unlined Travel Bag,No,499,No,No,,1,0,4,10,0,1,0,0,1,1,1,0,1,1,1,1,0,1,0,1,0,1,0,0,,,,,,,,,,,,,,,,,88,/j/c/jc15sdlbgrbr2202_other_3.jpg,,5,0
,,,,,,,,,,,,,,,,,,,,,,,,,,,,,,,,,,,,,,,,,,,,,,,,,,,,,,,,,88,/j/c/jc15sdlbgrbr2202_other_4.jpg,,2,0
,,,,,,,,,,,,,,,,,,,,,,,,,,,,,,,,,,,,,,,,,,,,,,,,,,,,,,,,,88,/j/c/jc15sdlbgrbr2202_other_2.jpg,,3,0
,,,,,,,,,,,,,,,,,,,,,,,,,,,,,,,,,,,,,,,,,,,,,,,,,,,,,,,,,88,/j/c/jc15sdlbgrbr2202_other_1.jpg,,4,0
,,,,,,,,,,,,,,,,,,,,,,,,,,,,,,,,,,,,,,,,,,,,,,,,,,,,,,,,,88,/j/c/jc15sdlbgrbr2202_main.jpg,,1,0
"

JC15SMLGBGBR1202",,Bags,simple,Bags,Default Category,base,,Strong and durable beige coloured gym bag has jutecotton exteriors and brown canvas interiors with a cross body adjustable strap and a pair of shoulder handles. ,Yes,Jutecotton," Beige Brown jutecotton duffel/gym bag
",No,499,No,No,,1,0,4,10,0,1,0,0,1,1,1,0,1,1,1,1,0,1,0,1,0,1,0,0,,,,,,,,,,,,,,,,,,,,,
JC15TBHBVLRDZ2,,Bags,simple,Bags,Default Category,base,,"The Violet Bag, Made By  Is A Spacious, Strong Yet Fashionable Hand Bag With 2 Top Open Pouch Pockets In The Front And 3 Pockets In The Interior Suffcient Enough To Segregate And Hold Your Important Stuff Like Mobiles, Pens And Money In Addition To Improved Stiffness And Support With Smooth And Durable Bright Red Canvas Interiors. The Bag Has Single Gussetted Compartment. This Model Has A Zipped Closure For The Main Compartment.",Yes,Jutecotton,Violet red zipped tote bag,No,499,No,No,,1,0,4,10,0,1,0,0,1,1,1,0,1,1,1,1,0,1,0,1,0,1,0,0,,,,,,,,,,,,,,,,,88,/j/c/jc15tbhbvlrdz2_other_1.jpg,,4,0
,,,,,,,,,,,,,,,,,,,,,,,,,,,,,,,,,,,,,,,,,,,,,,,,,,,,,,,,,88,/j/c/jc15tbhbvlrdz2_other_2.jpg,,2,0
,,,,,,,,,,,,,,,,,,,,,,,,,,,,,,,,,,,,,,,,,,,,,,,,,,,,,,,,,88,/j/c/jc15tbhbvlrdz2_main.jpg,,1,0
,,,,,,,,,,,,,,,,,,,,,,,,,,,,,,,,,,,,,,,,,,,,,,,,,,,,,,,,,88,/j/c/jc15tbhbvlrdz2_other_3.jpg,,4,0
JC16YBSOBRBL0701,,Bags,simple,Bags,Default Category,base,,Simple yet elegant yogamat bag with jutecotton exteriors and canvas interiors. This bag has a horizantal zipper closure and a dual color shoulder strap. ,No,Jutecotton,  Brown jutecotton Yogamat bag,No,499,No,No,,1,0,4,10,0,1,0,0,1,1,1,0,1,1,1,1,0,1,0,1,0,1,0,0,,,,,,,,,,,,,,,,,88,/j/c/jc16ybsobrbl0701_main.jpg,,1,0
,,,,,,,,,,,,,,,,,,,,,,,,,,,,,,,,,,,,,,,,,,,,,,,,,,,,,,,,,88,/j/c/jc16ybsobrbl0701_other_2.jpg,,2,0
,,,,,,,,,,,,,,,,,,,,,,,,,,,,,,,,,,,,,,,,,,,,,,,,,,,,,,,,,88,/j/c/jc16ybsobrbl0701_other_1.jpg,,3,0
JT15HBBTC22,,Bags,simple,Bags,Default Category,base,,The fashionable trapezoid cut designer bag has Single Gussetted Compartment with a zipped closure and dual side pockets Suitable to  carry to work or other formal occasions.,Yes,Jutecotton,Beige tote bag,No,499,No,No,,1,0,4,10,0,1,0,0,1,1,1,0,1,1,1,1,0,1,0,1,0,1,0,0,,,,,,,,,,,,,,,,,88,/j/t/jt15hbbtc22_other_1.jpg,,2,0
,,,,,,,,,,,,,,,,,,,,,,,,,,,,,,,,,,,,,,,,,,,,,,,,,,,,,,,,,88,/j/t/jt15hbbtc22_other_3.jpg,,2,0
,,,,,,,,,,,,,,,,,,,,,,,,,,,,,,,,,,,,,,,,,,,,,,,,,,,,,,,,,88,/j/t/jt15hbbtc22_other_2.jpg,,3,0
,,,,,,,,,,,,,,,,,,,,,,,,,,,,,,,,,,,,,,,,,,,,,,,,,,,,,,,,,88,/j/t/jt15hbbtc22_main.jpg,,1,0
,,,,,,,,,,,,,,,,,,,,,,,,,,,,,,,,,,,,,,,,,,,,,,,,,,,,,,,,,88,/j/t/jt15hbbtc22_other_4.jpg,,5,0
JT15LBOGPRRD1001,,Bags,simple,Bags,Default Category,base,,Jute lunch box bag with a pouch,No,Jute,Jute lunch box bag with pouch,No,599,No,No,,1,0,4,10,0,1,0,0,1,1,1,0,1,1,1,1,0,1,0,1,0,1,0,0,,,,,,,,,,,,,,,,,88,/j/t/jt15lbogprrd1001-m-2-2x.jpg,,2,0
,,,,,,,,,,,,,,,,,,,,,,,,,,,,,,,,,,,,,,,,,,,,,,,,,,,,,,,,,88,/j/t/jt15lbogprrd1001-m-1-2x.jpg,,1,0
CA15LBDBMRRB1903,,Bags,simple,Bags,Default Category,base,,Rich colour combination of maroon and royal blue canvas for exteriors and pure natural canvas interiors makes the bag durable and strong. It has adjustable crossbody strap and shoulder straps with sufficient pockets. ,No,Canvas,  Maroon blue canvas lined Travel Bag,No,499,No,No,,1,0,4,10,0,1,0,0,1,1,1,0,1,1,1,1,0,1,0,1,0,1,0,0,,,,,,,,,,,,,,,,,88,/c/a/ca15lbdbmrrb1903_main.jpg,,1,0
,,,,,,,,,,,,,,,,,,,,,,,,,,,,,,,,,,,,,,,,,,,,,,,,,,,,,,,,,88,/c/a/ca15lbdbmrrb1903_other_2.jpg,,2,0
,,,,,,,,,,,,,,,,,,,,,,,,,,,,,,,,,,,,,,,,,,,,,,,,,,,,,,,,,88,/c/a/ca15lbdbmrrb1903_other_1.jpg,,3,0
,,,,,,,,,,,,,,,,,,,,,,,,,,,,,,,,,,,,,,,,,,,,,,,,,,,,,,,,,88,/c/a/ca15lbdbmrrb1903_other_3.jpg,,4,0
CA16SLBMRJRMR0601,,Bags,simple,Bags,Default Category,base,,Casual crossbody small size sling bag made from canvas with 3 pockets makes it easy to carry mobile and money. ,No,Canvas,  Maroon Sling Bag,No,499,No,No,,1,0,4,10,0,1,0,0,1,1,1,0,1,1,1,1,0,1,0,1,0,1,0,0,,,,,,,,,,,,,,,,,88,/c/a/ca16slbmrjrmr0601_main.jpg,,1,0
,,,,,,,,,,,,,,,,,,,,,,,,,,,,,,,,,,,,,,,,,,,,,,,,,,,,,,,,,88,/c/a/ca16slbmrjrmr0601_other_2.jpg,,2,0
,,,,,,,,,,,,,,,,,,,,,,,,,,,,,,,,,,,,,,,,,,,,,,,,,,,,,,,,,88,/c/a/ca16slbmrjrmr0601_other_3.jpg,,3,0
,,,,,,,,,,,,,,,,,,,,,,,,,,,,,,,,,,,,,,,,,,,,,,,,,,,,,,,,,88,/c/a/ca16slbmrjrmr0601_other_1.jpg,,4,0
CO16GBMRRB1302,,Bags,simple,Bags,Default Category,base,,This stylish dual colour duffel bag has both canvas exteriors and interios with sufficient space and pockets,No,Canvas,  Elegant Maroon Royal blue Duffel/Gym bag,No,499,No,No,,1,0,4,10,0,1,0,0,1,1,1,0,1,1,1,1,0,1,0,1,0,1,0,0,,,,,,,,,,,,,,,,,88,/c/o/co16gbmrrb1302_other_2.jpg,,3,0
,,,,,,,,,,,,,,,,,,,,,,,,,,,,,,,,,,,,,,,,,,,,,,,,,,,,,,,,,88,/c/o/co16gbmrrb1302_other_4.jpg,,4,0
,,,,,,,,,,,,,,,,,,,,,,,,,,,,,,,,,,,,,,,,,,,,,,,,,,,,,,,,,88,/c/o/co16gbmrrb1302_main.jpg,,1,0
,,,,,,,,,,,,,,,,,,,,,,,,,,,,,,,,,,,,,,,,,,,,,,,,,,,,,,,,,88,/c/o/co16gbmrrb1302_other_1.jpg,,2,0
JT16SLBCRJRBL0601,,Bags,simple,Bags,Default Category,base,,Casual crossbody small size sling bag made from lurex jute  with 3 pockets makes it easy to carry mobile and money. ,No,Jute,  Cream lurecjute Sling Bag,No,499,No,No,,1,0,4,10,0,1,0,0,1,1,1,0,1,1,1,1,0,1,0,1,0,1,0,0,,,,,,,,,,,,,,,,,88,/j/t/jt16slbcrjrbl0601_main.jpg,,1,0
,,,,,,,,,,,,,,,,,,,,,,,,,,,,,,,,,,,,,,,,,,,,,,,,,,,,,,,,,88,/j/t/jt16slbcrjrbl0601_other_3.jpg,,2,0
,,,,,,,,,,,,,,,,,,,,,,,,,,,,,,,,,,,,,,,,,,,,,,,,,,,,,,,,,88,/j/t/jt16slbcrjrbl0601_other_2.jpg,,3,0
,,,,,,,,,,,,,,,,,,,,,,,,,,,,,,,,,,,,,,,,,,,,,,,,,,,,,,,,,88,/j/t/jt16slbcrjrbl0601_other_1.jpg,,4,0
JC15CLSLSFBRDBR16,,Bags,simple,Bags,Default Category,base,,Economical and Formal looking jute cross body bag is one of its kind with pure jute interiors and adjustable strap,No,Jute,   Red jute CrossBody bag,No,499,No,No,,1,0,4,10,0,1,0,0,1,1,1,0,1,1,1,1,0,1,0,1,0,1,0,0,,,,,,,,,,,,,,,,,88,/j/c/jc15clslsfbrdbr16_other_3.jpg,,5,0
,,,,,,,,,,,,,,,,,,,,,,,,,,,,,,,,,,,,,,,,,,,,,,,,,,,,,,,,,88,/j/c/jc15clslsfbrdbr16_other_2.jpg,,2,0
,,,,,,,,,,,,,,,,,,,,,,,,,,,,,,,,,,,,,,,,,,,,,,,,,,,,,,,,,88,/j/c/jc15clslsfbrdbr16_other_1.jpg,,3,0
,,,,,,,,,,,,,,,,,,,,,,,,,,,,,,,,,,,,,,,,,,,,,,,,,,,,,,,,,88,/j/c/jc15clslsfbrdbr16_other_4.jpg,,4,0
,,,,,,,,,,,,,,,,,,,,,,,,,,,,,,,,,,,,,,,,,,,,,,,,,,,,,,,,,88,/j/c/jc15clslsfbrdbr16_main.jpg,,1,0
JT16WBBGBRJ0702,,Bags,simple,Bags,Default Category,base,,"Pretty ethnic looking pure jute bags in beige and brown colors adorned by jaris, may be used as gift bags for all occasions, may be used as tamboolam bags for marriages, festivals and pooja",No,Jute,  Tamboolam Biege Brown bag,No,499,No,No,,1,0,4,10,0,1,0,0,1,1,1,0,1,1,1,1,0,1,0,1,0,1,0,0,,,,,,,,,,,,,,,,,88,/j/t/jt16wbbgbrj0702_main_1.jpg,,1,0
,,,,,,,,,,,,,,,,,,,,,,,,,,,,,,,,,,,,,,,,,,,,,,,,,,,,,,,,,88,/j/t/jt16wbbgbrj0702_other_2_1.jpg,,2,0
,,,,,,,,,,,,,,,,,,,,,,,,,,,,,,,,,,,,,,,,,,,,,,,,,,,,,,,,,88,/j/t/jt16wbbgbrj0702_other_1_1.jpg,,3,0
jc15sdcbsmgrnb2001,,Bags,simple,Bags,Default Category,base,,"A unique sling bag made of highly refined natural fabric and fully fabric lined interiors buffered by hidden  natural rubber layer that has an additional compartment, a cross body strap and a waist loop that leaves your hands free while travelling.",Yes,Canvas,  Grey Sling Bag,No,499,No,No,,1,0,4,10,0,1,0,0,1,1,1,0,1,1,1,1,0,1,0,1,0,1,0,0,,,,,,,,,,,,,,,,,88,/j/c/jc15sdcbsmgrnb2001_other_3.jpg,,3,0
,,,,,,,,,,,,,,,,,,,,,,,,,,,,,,,,,,,,,,,,,,,,,,,,,,,,,,,,,88,/j/c/jc15sdcbsmgrnb2001_othr_1.jpg,,2,0
,,,,,,,,,,,,,,,,,,,,,,,,,,,,,,,,,,,,,,,,,,,,,,,,,,,,,,,,,88,/j/c/jc15sdcbsmgrnb2001_main.jpg,,1,0
,,,,,,,,,,,,,,,,,,,,,,,,,,,,,,,,,,,,,,,,,,,,,,,,,,,,,,,,,88,/j/c/jc15sdcbsmgrnb2001other_2.jpg,,4,0
JC16SLBPRBL0601,,Bags,simple,Bags,Default Category,base,,Casual crossbody small size wide sling bag made from jutecotton with 2 pockets makes it easy to carry mobile and money. ,No,Jutecotton,   Violet wide Sling Bag,No,499,No,No,,1,0,4,10,0,1,0,0,1,1,1,0,1,1,1,1,0,1,0,1,0,1,0,0,,,,,,,,,,,,,,,,,88,/j/c/jc16slbprbl0601_other_1.jpg,,3,0
,,,,,,,,,,,,,,,,,,,,,,,,,,,,,,,,,,,,,,,,,,,,,,,,,,,,,,,,,88,/j/c/jc16slbprbl0601_other2.jpg,,2,0
,,,,,,,,,,,,,,,,,,,,,,,,,,,,,,,,,,,,,,,,,,,,,,,,,,,,,,,,,88,/j/c/jc16slbprbl0601_main.jpg,,1,0
JT16SLBOGBL0601,,Bags,simple,Bags,Default Category,base,,Casual crossbody small size sling bag made from lurex jute  with 3 pockets makes it easy to carry mobile and money. ,No,Jute,    Olive Green lurex jute Sling Bag,No,499,No,No,,1,0,4,10,0,1,0,0,1,1,1,0,1,1,1,1,0,1,0,1,0,1,0,0,,,,,,,,,,,,,,,,,88,/j/t/jt16slbogbl0601_main.jpg,,1,0
,,,,,,,,,,,,,,,,,,,,,,,,,,,,,,,,,,,,,,,,,,,,,,,,,,,,,,,,,88,/j/t/jt16slbogbl0601_otger_3.jpg,,2,0
,,,,,,,,,,,,,,,,,,,,,,,,,,,,,,,,,,,,,,,,,,,,,,,,,,,,,,,,,88,/j/t/jt16slbogbl0601_other_2.jpg,,3,0
,,,,,,,,,,,,,,,,,,,,,,,,,,,,,,,,,,,,,,,,,,,,,,,,,,,,,,,,,88,/j/t/jt16slbogbl0601_other_1.jpg,,4,0
JT16LPTBBGCR0701,,Bags,simple,Bags,Default Category,base,,"Beige colored laminated jute cushioned unique design laptop bag with canvas interiors, crossbody adjustable strap and pockets.",No,Jute,   Beige jute cushioned laptop case,No,499,No,No,,1,0,4,10,0,1,0,0,1,1,1,0,1,1,1,1,0,1,0,1,0,1,0,0,,,,,,,,,,,,,,,,,88,/j/t/jt16lptbbgcr0701_main.jpg,,1,0
,,,,,,,,,,,,,,,,,,,,,,,,,,,,,,,,,,,,,,,,,,,,,,,,,,,,,,,,,88,/j/t/jt16lptbbgcr0701_other_1.jpg,,2,0
,,,,,,,,,,,,,,,,,,,,,,,,,,,,,,,,,,,,,,,,,,,,,,,,,,,,,,,,,88,/j/t/jt16lptbbgcr0701_other_2.jpg,,3,0
,,,,,,,,,,,,,,,,,,,,,,,,,,,,,,,,,,,,,,,,,,,,,,,,,,,,,,,,,88,/j/t/jt16lptbbgcr0701_other_3.jpg,,4,0
JT15LBMRBGBRBGPBYE4016,,Bags,simple,Bags,Default Category,base,,Two jute lunch box bags brown and maroon color with a small pouch,No,Jute,Jute pair of lunch box bags and pouch,No,799,No,No,,1,0,4,10,0,1,0,0,1,1,1,0,1,1,1,1,0,1,0,1,0,1,0,0,,,,,,,,,,,,,,,,,88,/j/t/jt15lbmrbgbrbgpbye4016_main.jpg,,1,0
,,,,,,,,,,,,,,,,,,,,,,,,,,,,,,,,,,,,,,,,,,,,,,,,,,,,,,,,,88,/j/t/jt15lbmrbgbrbgpbye4016_other_1.jpg,,2,0
CO16MKWHBLV007,,Kurtis,simple,Womens,Default Category,base,white,Pure cotton zari neck design long kurti,No,Cotton,MayilCO16MKWHBLV007 Medium kurti off white cotton  designer kurti,No,499,No,No,10,1,0,4,10,0,1,0,0,1,1,1,0,1,1,,1,0,1,0,1,0,1,0,0,,,,,,,,,,,,,,,,,88,/c/o/co16mkwhblv007_main_7.jpg,,1,0
,,,,,,,,,,,,,,,,,,,,,,,,,,,,,,,,,,,,,,,,,,,,,,,,,,,,,,,,,,,,,
CO16MKWHORV007,,Kurtis,simple,Womens,Default Category,base,white,Pure cotton zari neck design long kurti,No,Cotton,MayilCO16MKWHORV007 Medium kurti off white cotton  designer kurti,No,499,No,No,10,1,0,4,10,0,1,0,0,1,1,1,0,1,1,,1,0,1,0,1,0,1,0,0,,,,,,,,,,,,,,,,,,,,,
CO16MKWHPRJK010,,Kurtis,simple,Womens,Default Category,base,white,Pure cotton silk jacket design long kurti,No,Cotton, MayilCO16MKWHPRJK010 Medium kurti off white cotton  designer kurti,No,499,No,No,10,1,0,4,10,0,1,0,0,1,1,1,0,1,1,,1,0,1,0,1,0,1,0,0,,,,,,,,,,,,,,,,,,,,,
CO16MKWHSBJK010,,Kurtis,simple,Womens,Default Category,base,white,Pure cotton silk jacket design long kurti,No,Cotton,Mayil CO16MKWHSBJK010 Medium kurti off white cotton designer kurti,No,499,No,No,10,1,0,4,10,0,1,0,0,1,1,1,0,1,1,,1,0,1,0,1,0,1,0,0,,,,,,,,,,,,,,,,,,,,,
CO16MKWHSKJR007,,Kurtis,simple,Womens,Default Category,base,white,Pure cotton golden zari border design long kurti,No,Cotton, MayilCO16MKWHSKJR007 Medium kurti off white cotton  designer kurti,No,499,No,No,10,1,0,4,10,0,1,0,0,1,1,1,0,1,1,,1,0,1,0,1,0,1,0,0,,,,,,,,,,,,,,,,,,,,,
CO16MKWHSLJR007,,Kurtis,simple,Womens,Default Category,base,white,Pure cotton designer jacket long kurti,No,Cotton, MayilCO16MKWHSLJR007 Medium kurti off white cotton  designer kurti,No,499,No,No,10,1,0,4,10,0,1,0,0,1,1,1,0,1,1,,1,0,1,0,1,0,1,0,0,,,,,,,,,,,,,,,,,,,,,
CO16SKWHBLPP007,,Kurtis,simple,Womens,Default Category,base,white,Pure cotton zari border design short kurti,No,Cotton,MayilCO16SKWHBLPP007 Medium kurti off white cotton  designer kurti,No,499,No,No,10,1,0,4,10,0,1,0,0,1,1,1,0,1,1,,1,0,1,0,1,0,1,0,0,,,,,,,,,,,,,,,,,,,,,
CO16SKWHCLR006,,Kurtis,simple,Womens,Default Category,base,white,Pure cotton collar neck design short kurti,No,Cotton,MayilCO16SKWHCLR006 Short kurti off white cotton designer kurti,No,499,No,No,10,1,0,4,10,0,1,0,0,1,1,1,0,1,1,,1,0,1,0,1,0,1,0,0,,,,,,,,,,,,,,,,,,,,,
CO16SKWHSLGRN007,,Kurtis,simple,Womens,Default Category,base,white,Pure cotton zari neck design short kurti,No,Cotton,MayilCO16SKWHSLGRN007 Short kurti off white cotton designer kurti,No,499,No,No,10,1,0,4,10,0,1,0,0,1,1,1,0,1,1,,1,0,1,0,1,0,1,0,0,,,,,,,,,,,,,,,,,,,,,
CO16SKWHSLPR007,,Kurtis,simple,Womens,Default Category,base,white,Pure cotton zari neck design short kurti,No,Cotton,MayilCO16SKWHSLPR007 Short kurti off white cotton designer kurti,No,499,No,No,10,1,0,4,10,0,1,0,0,1,1,1,0,1,1,,1,0,1,0,1,0,1,0,0,,,,,,,,,,,,,,,,,,,,,
CO16SKWHSLYE007,,Kurtis,simple,Womens,Default Category,base,white,Pure cotton zari neck design short kurti,No,Cotton,MayilCO16SKWHSLYE007 Short kurti off white cotton  designer kurti,No,499,No,No,10,1,0,4,10,0,1,0,0,1,1,1,0,1,1,,1,0,1,0,1,0,1,0,0,,,,,,,,,,,,,,,,,,,,,
CO16MKWHGOJR007,,Kurtis,simple,Womens,Default Category,base,white,Pure cotton golden zari border design long kurti,No,Cotton, MayilCO16MKWHGOJR007 Medium kurti off white cotton  designer kurti,No,499,No,No,10,1,0,4,10,0,1,0,0,1,1,1,0,1,1,,1,0,1,0,1,0,1,0,0,,,,,,,,,,,,,,,,,,,,,
CO16MKWHGOV007,,Kurtis,simple,Womens,Default Category,base,white,Pure cotton zari neck design long kurti,No,Cotton,MayilCO16MKWHGOV007 Medium kurti off white cotton  designer kurti,No,499,No,No,10,1,0,4,10,0,1,0,0,1,1,1,0,1,1,,1,0,1,0,1,0,1,0,0,,,,,,,,,,,,,,,,,,,,,
